{
"scale_to_square_image_in_notifications":false,
"resume_on_audio_focus_gain":true,
"use_inexact_seek_key":false,
"tablet_mode":"auto",
"show_age_restricted_content":true,
"clear_queue_confirmation_key":false,
"is_in_background":true,
"popup_remember_size_pos_key":true,
"auto_queue_key":false,
"show_original_time_ago_key":false,
"night_theme":"dark_theme",
"limit_mobile_data_usage":"limit_data_usage_none",
"enable_playback_state_lists":true,
"enable_playback_resume":true,
"file_replacement_character":"_",
"update_app_key":false,
"default_resolution":"480p",
"channel_tabs":["show_channel_tabs_livestreams","show_channel_tabs_likes","show_channel_tabs_videos","show_channel_tabs_albums","show_channel_tabs_channels","show_channel_tabs_tracks","show_channel_tabs_about","show_channel_tabs_shorts","show_channel_tabs_playlists"],
"downloads_max_retry":"3",
"content_country":"system",
"streams_notifications_interval":"14400",
"show_next_video":true,
"downloads_storage_ask":false,
"app_language_key":"system",
"default_popup_resolution":"480p",
"show_higher_resolutions":false,
"list_view_mode":"auto",
"cross_network_downloads":false,
"use_external_video_player":false,
"show_comments":true,
"allow_heap_dumping_key":false,
"feed_fetch_channel_tabs":["fetch_channel_tabs_shorts","fetch_channel_tabs_videos","fetch_channel_tabs_livestreams","fetch_channel_tabs_tracks","fetch_channel_tabs_likes"],
"show_thumbnail_key":true,
"saved_tabs_key":"{\"tabs\":[{\"tab_id\":2},{\"tab_id\":1},{\"tab_id\":3},{\"tab_id\":7}]}",
"storage_use_saf":true,
"feed_use_dedicated_fetch_method":false,
"show_image_indicators_key":false,
"show_crash_the_player_key":false,
"prefer_original_audio":false,
"show_search_suggestions":["show_local_search_suggestions","show_remote_search_suggestions"],
"feed_update_threshold_key":"300",
"notification_colorize_key":true,
"start_main_player_fullscreen_key":false,
"youtube_restricted_mode_enabled":false,
"file_rename_charset":"CHARSET_MOST_SPECIAL",
"streams_notifications_network":"wifi",
"enable_streams_notifications":false,
"right_gesture_control":"volume_control",
"enable_watch_history":true,
"autoplay_key":"autoplay_wifi_key",
"prefer_descriptive_audio":false,
"ignore_hardware_media_buttons_key":false,
"media_tunneling_device_blacklist_version":994,
"content_language":"system",
"main_tabs_position":false,
"image_quality_key":"image_quality_medium",
"enable_search_history":true,
"minimize_on_exit_key":"minimize_on_exit_background_key",
"show_meta_info":true,
"allow_disposed_exceptions_key":false,
"preferred_open_action_key":"always_ask_player",
"theme":"auto_device_theme",
"use_external_audio_player":false,
"default_video_format":"video_mp4",
"show_description":true,
"last_used_preferences_version":8,
"default_audio_format":"audio_m4a",
"seekbar_preview_thumbnail_key":"seekbar_preview_thumbnail_high_quality",
"left_gesture_control":"brightness_control",
"show_play_with_kodi":false,
"seek_duration":"10000",
"show_hold_to_append":true,
"downloads_queue_limit":true
}